TermID	padj	species
WGD	3.574638850420208e-18	Gmax
WGD	3.3558770892124644e-5	Ptrichocarpa
WGD	1.009029274413932e-8	Zmays
